id;matricule;nom;prenoms;date_naiss;lieu_naiss;contact;email;adresse;date_prise_serv;situation_matrim;nombre_enfts;statut
1;77199;synthesize Frozen;Cambridgeshire Refined;2020-04-18T01:22:00;invoice North Carolina;content Designer Avon;Rowena_Wunsch21@gmail.com;Arizona Concrete Ford;2020-04-18T05:03:31;CELIBATAIRE;83919;ACE
2;33766;Avon applications;hierarchy Unbranded;2020-04-17T20:54:11;San Marino;web-enabled invoice;Cesar_Gleichner@yahoo.com;Tasty Fresh Fish red;2020-04-17T19:57:06;CELIBATAIRE;48832;OCCASIONNEL
3;81982;incubate Multi-lateral;connecting Vietnam;2020-04-18T13:42:04;mobile Ridges;Jewelery;Lillie19@gmail.com;contingency Metrics;2020-04-18T05:06:51;MARIE;76731;CDD
4;38522;incubate;Strategist;2020-04-18T03:23:54;Legacy invoice;Future non-volatile Swedish Krona;Edward.Feeney@hotmail.com;Legacy global;2020-04-18T08:17:43;CELIBATAIRE;74948;CONVENTIONNE
5;25803;withdrawal payment;connect Gorgeous Fresh Chicken motivating;2020-04-18T01:48:53;Cross-group Awesome Industrial;Granite;Juvenal59@hotmail.com;Mauritius Rupee Rustic;2020-04-17T20:40:41;CELIBATAIRE;8827;OCCASIONNEL
6;66176;Kids;Optimization;2020-04-17T15:13:40;Alabama;French Polynesia;Kaleigh35@hotmail.com;Rubber;2020-04-18T14:36:56;CELIBATAIRE;26585;OCCASIONNEL
7;63916;capability Bedfordshire;Avon;2020-04-18T01:57:02;multi-byte Kansas;Lodge Home Loan Account;Lilla_Krajcik27@yahoo.com;protocol Berkshire Squares;2020-04-18T14:47:42;CELIBATAIRE;58333;CONVENTIONNE
8;69984;solid state Fresh driver;Buckinghamshire Berkshire mobile;2020-04-18T04:10:27;Diverse Home Loan Account;Kuwait transmit;Kaleb76@yahoo.com;scale Liberia;2020-04-17T18:01:02;CELIBATAIRE;16505;APE
9;91058;Steel object-oriented;Money Market Account Ukraine scalable;2020-04-18T10:00:45;ivory SMTP Health;users benchmark Incredible Fresh Table;Brooke.Franecki95@yahoo.com;infomediaries Assistant;2020-04-17T19:27:48;MARIE;63279;ACE
10;87220;withdrawal;Brazil synergize;2020-04-18T10:32:44;Rial Omani communities Fish;algorithm ivory Credit Card Account;Oren67@gmail.com;seamless Gibraltar;2020-04-17T16:44:00;CELIBATAIRE;72172;ACE
