id;code_banque;nom_banque;siege_social;telephone;fax;email
1;application;Burkina Faso concept;Analyst;(413) 899-7295 x9745;Buckinghamshire withdrawal;Zoey_Schneider@gmail.com
2;connect calculate;stable magenta Prairie;Savings Account;1-760-667-3911;Fresh;Tevin_Schinner7@gmail.com
3;Money Market Account Checking Account infrastructures;Group Savings Account Awesome Rubber Keyboard;Fish Principal Gambia;997-307-4941;Stravenue Turkish Lira;Alysson60@hotmail.com
4;synthesize evolve process improvement;Cheese engineer;Moldova;079.350.6776 x26837;neural Shoes;Kristopher70@hotmail.com
5;Investor Tasty;Bolivia;indigo Cotton card;871.134.0126;Small Texas supply-chains;Ernestina.Hessel@yahoo.com
6;revolutionize application Frozen;frictionless data-warehouse;solid state quantify iterate;(802) 626-4575;drive;Turner_Corkery42@yahoo.com
7;hack Armenian Dram fuchsia;white;optimize transitional Berkshire;101.041.7807 x983;hack RAM;Rex27@hotmail.com
8;JBOD;Home Loan Account aggregate support;synergy Borders Park;638.407.5140 x96232;connecting pink;Marjory_Deckow98@yahoo.com
9;withdrawal;deposit card Antarctica (the territory South of 60 deg S);Cheese;183-247-3150;structure Green;Skylar13@hotmail.com
10;hacking Car;Usability Officer;West Virginia Metrics;1-553-529-8504;Montana;Loyce81@yahoo.com
